hour,temperature,dewpoint,humidity,wind
2026-07-20 00:00:00,65.0,51.0,60.49,5.0
2026-07-20 01:00:00,60.0,51.0,72.13,4.0
2026-07-20 02:00:00,60.0,51.0,72.13,0.0
2026-07-20 03:00:00,55.0,51.0,86.35,0.0
2026-07-20 04:00:00,57.0,53.0,86.46,4.0
2026-07-20 05:00:00,54.0,51.0,89.55,3.0
2026-07-20 06:00:00,58.0,53.0,83.4,0.0
2026-07-20 07:00:00,65.0,53.0,65.12,3.0
2026-07-20 08:00:00,69.0,51.0,52.69,3.0
2026-07-20 09:00:00,72.0,52.0,49.37,3.0
2026-07-20 10:00:00,74.0,51.0,44.48,0.0
2026-07-20 11:00:00,78.0,49.0,36.16,9.0
2026-07-20 12:00:00,79.0,50.0,36.32,10.0
2026-07-20 13:00:00,80.0,50.0,35.15,6.0
2026-07-20 14:00:00,81.0,51.0,35.31,7.0
2026-07-20 15:00:00,81.0,50.0,34.02,8.0
2026-07-20 16:00:00,81.0,50.0,34.02,9.0
2026-07-20 17:00:00,80.0,51.0,36.48,7.0
2026-07-20 18:00:00,79.0,50.0,36.32,9.0
2026-07-20 19:00:00,76.0,51.0,41.61,7.0
2026-07-20 20:00:00,72.0,51.0,47.58,10.0
2026-07-20 21:00:00,70.0,54.0,56.86,9.0
2026-07-20 22:00:00,68.0,56.0,65.48,7.0
2026-07-20 23:00:00,66.0,57.0,72.74,5.0
2026-07-21 00:00:00,65.0,58.0,78.08,6.0
2026-07-21 01:00:00,65.0,59.0,80.92,6.0
2026-07-21 02:00:00,63.0,60.0,89.94,5.0
2026-07-21 03:00:00,64.0,60.0,86.84,4.0
2026-07-21 04:00:00,63.0,60.0,89.94,3.0
2026-07-21 05:00:00,61.0,59.0,93.13,3.0
2026-07-21 06:00:00,64.0,61.0,89.98,0.0
2026-07-21 07:00:00,67.0,62.0,83.99,4.0
2026-07-21 08:00:00,70.0,64.0,81.29,5.0
2026-07-21 09:00:00,72.0,65.0,78.66,8.0
2026-07-21 10:00:00,73.0,65.0,76.05,9.0
2026-07-21 11:00:00,70.0,67.0,90.22,7.0
2026-07-21 12:00:00,71.0,69.0,93.41,7.0
2026-07-21 13:00:00,74.0,70.0,87.36,10.0
2026-07-21 14:00:00,72.0,70.0,93.44,8.0
2026-07-21 15:00:00,73.0,71.0,93.47,3.0
2026-07-21 16:00:00,73.0,71.0,93.47,5.0
2026-07-21 17:00:00,74.0,71.0,90.38,3.0
2026-07-21 18:00:00,73.0,71.0,93.47,4.0
2026-07-21 19:00:00,73.0,71.0,93.47,4.0
2026-07-21 20:00:00,73.0,72.0,96.69,5.0
2026-07-21 21:00:00,73.0,71.0,93.47,5.0
2026-07-21 22:00:00,72.0,71.0,96.67,5.0
2026-07-21 23:00:00,72.0,71.0,96.67,6.0
2026-07-22 00:00:00,72.0,72.0,100.0,11.0
2026-07-22 01:00:00,72.0,71.0,96.67,6.0
2026-07-22 02:00:00,72.0,70.0,93.44,10.0
2026-07-22 03:00:00,71.0,69.0,93.41,10.0
2026-07-22 04:00:00,70.0,69.0,96.64,6.0
2026-07-22 05:00:00,70.0,69.0,96.64,6.0
2026-07-22 06:00:00,72.0,69.0,90.3,8.0
2026-07-22 07:00:00,72.0,70.0,93.44,10.0
2026-07-22 08:00:00,74.0,69.0,84.43,10.0
2026-07-22 09:00:00,79.0,69.0,71.54,9.0
2026-07-22 10:00:00,81.0,68.0,64.76,7.0
2026-07-22 11:00:00,82.0,65.0,56.51,9.0
2026-07-22 12:00:00,85.0,66.0,53.12,10.0
2026-07-22 13:00:00,85.0,67.0,54.99,10.0
2026-07-22 14:00:00,76.0,67.0,73.73,16.0
2026-07-22 15:00:00,80.0,69.0,69.23,11.0
2026-07-22 16:00:00,85.0,60.0,43.03,15.0
2026-07-22 17:00:00,82.0,63.0,52.69,8.0
2026-07-22 18:00:00,78.0,58.0,50.27,11.0
2026-07-22 19:00:00,76.0,56.0,49.97,8.0
2026-07-22 20:00:00,72.0,54.0,53.13,8.0
2026-07-22 21:00:00,69.0,55.0,61.02,10.0
2026-07-22 22:00:00,66.0,54.0,65.24,9.0
2026-07-22 23:00:00,65.0,52.0,62.76,3.0
2026-07-23 00:00:00,63.0,53.0,69.83,0.0
2026-07-23 01:00:00,62.0,54.0,75.03,0.0
2026-07-23 02:00:00,60.0,54.0,80.54,3.0
2026-07-23 03:00:00,59.0,53.0,80.47,6.0
2026-07-23 04:00:00,58.0,53.0,83.4,4.0
2026-07-23 05:00:00,56.0,53.0,89.64,4.0
2026-07-23 06:00:00,59.0,54.0,83.47,4.0
2026-07-23 07:00:00,63.0,53.0,69.83,4.0
2026-07-23 08:00:00,67.0,52.0,58.56,6.0
2026-07-23 09:00:00,70.0,49.0,47.27,6.0
2026-07-23 10:00:00,73.0,49.0,42.7,6.0
2026-07-23 11:00:00,74.0,50.0,42.86,4.0
2026-07-23 12:00:00,77.0,45.0,32.14,6.0
2026-07-23 13:00:00,78.0,45.0,31.1,11.0
2026-07-23 14:00:00,80.0,47.0,31.41,10.0
2026-07-23 15:00:00,79.0,46.0,31.26,5.0
2026-07-23 16:00:00,79.0,47.0,32.46,9.0
2026-07-23 17:00:00,78.0,48.0,34.83,6.0
2026-07-23 18:00:00,76.0,48.0,37.21,5.0
2026-07-23 19:00:00,73.0,53.0,49.52,4.0
2026-07-23 20:00:00,68.0,55.0,63.15,0.0
2026-07-23 21:00:00,65.0,56.0,72.64,5.0
2026-07-23 22:00:00,63.0,56.0,77.91,0.0
2026-07-23 23:00:00,63.0,55.0,75.13,0.0
2026-07-24 00:00:00,60.0,55.0,83.54,4.0
2026-07-24 01:00:00,56.0,54.0,92.98,0.0
2026-07-24 02:00:00,58.0,54.0,86.51,0.0
2026-07-24 03:00:00,55.0,53.0,92.95,0.0
2026-07-24 04:00:00,54.0,53.0,96.4,3.0
2026-07-24 05:00:00,53.0,52.0,96.39,0.0
2026-07-24 06:00:00,58.0,54.0,86.51,0.0
2026-07-24 07:00:00,61.0,55.0,80.62,3.0
2026-07-24 08:00:00,66.0,56.0,70.16,3.0
2026-07-24 09:00:00,70.0,56.0,61.15,0.0
2026-07-24 10:00:00,75.0,53.0,46.31,0.0
2026-07-24 11:00:00,78.0,50.0,37.53,4.0
2026-07-24 12:00:00,80.0,51.0,36.48,4.0
2026-07-24 13:00:00,81.0,51.0,35.31,6.0
2026-07-24 14:00:00,81.0,50.0,34.02,0.0
2026-07-24 15:00:00,82.0,51.0,34.18,4.0
2026-07-24 16:00:00,82.0,50.0,32.94,5.0
2026-07-24 17:00:00,82.0,51.0,34.18,6.0
2026-07-24 18:00:00,79.0,55.0,43.65,11.0
2026-07-24 19:00:00,75.0,54.0,48.04,9.0
2026-07-24 20:00:00,71.0,53.0,52.98,6.0
2026-07-24 21:00:00,69.0,53.0,56.72,5.0
2026-07-24 22:00:00,66.0,55.0,67.66,5.0
2026-07-24 23:00:00,65.0,55.0,70.05,4.0
2026-07-25 00:00:00,64.0,55.0,72.54,4.0
2026-07-25 01:00:00,59.0,55.0,86.57,0.0
2026-07-25 02:00:00,58.0,55.0,89.73,0.0
2026-07-25 03:00:00,56.0,54.0,92.98,0.0
2026-07-25 04:00:00,55.0,53.0,92.95,0.0
2026-07-25 05:00:00,53.0,52.0,96.39,3.0
2026-07-25 06:00:00,59.0,55.0,86.57,3.0
2026-07-25 07:00:00,63.0,56.0,77.91,0.0
2026-07-25 08:00:00,67.0,57.0,70.27,0.0
2026-07-25 09:00:00,73.0,54.0,51.37,3.0
2026-07-25 10:00:00,76.0,51.0,41.61,3.0
2026-07-25 11:00:00,77.0,50.0,38.79,3.0
2026-07-25 12:00:00,78.0,51.0,38.95,3.0
2026-07-25 13:00:00,82.0,54.0,38.17,7.0
2026-07-25 14:00:00,81.0,53.0,38.01,3.0
2026-07-25 15:00:00,81.0,54.0,39.43,7.0
2026-07-25 16:00:00,80.0,53.0,39.27,7.0
2026-07-25 17:00:00,81.0,54.0,39.43,7.0
2026-07-25 18:00:00,79.0,53.0,40.57,8.0
2026-07-25 19:00:00,76.0,54.0,46.47,6.0
2026-07-25 20:00:00,72.0,56.0,57.14,7.0
2026-07-25 21:00:00,69.0,56.0,63.27,7.0
2026-07-25 22:00:00,67.0,56.0,67.78,5.0
2026-07-25 23:00:00,66.0,56.0,70.16,0.0
2026-07-26 00:00:00,61.0,56.0,83.6,0.0
2026-07-26 01:00:00,59.0,56.0,89.77,0.0
2026-07-26 02:00:00,57.0,55.0,93.01,0.0
2026-07-26 03:00:00,56.0,55.0,96.44,4.0
2026-07-26 04:00:00,56.0,54.0,92.98,0.0
2026-07-26 05:00:00,57.0,56.0,96.45,0.0
2026-07-26 06:00:00,58.0,56.0,93.04,3.0
2026-07-26 07:00:00,63.0,57.0,80.77,3.0
2026-07-26 08:00:00,67.0,57.0,70.27,4.0
2026-07-26 09:00:00,70.0,55.0,58.97,0.0
2026-07-26 10:00:00,74.0,54.0,49.67,4.0
2026-07-26 11:00:00,76.0,56.0,49.97,4.0
2026-07-26 12:00:00,79.0,54.0,42.09,4.0
2026-07-26 13:00:00,82.0,54.0,38.17,8.0
2026-07-26 14:00:00,84.0,54.0,35.79,10.0
2026-07-26 15:00:00,82.0,52.0,35.47,5.0
2026-07-26 16:00:00,83.0,51.0,33.09,5.0
2026-07-26 17:00:00,83.0,51.0,33.09,5.0
2026-07-26 18:00:00,80.0,53.0,39.27,11.0
2026-07-26 19:00:00,76.0,52.0,43.18,7.0
2026-07-26 20:00:00,74.0,52.0,46.16,3.0
2026-07-26 21:00:00,67.0,56.0,67.78,0.0
2026-07-26 22:00:00,69.0,55.0,61.02,0.0
2026-07-26 23:00:00,66.0,56.0,70.16,0.0
2026-07-27 00:00:00,62.0,57.0,83.67,0.0
2026-07-27 01:00:00,60.0,56.0,86.62,3.0
2026-07-27 02:00:00,58.0,56.0,93.04,3.0
2026-07-27 03:00:00,58.0,55.0,89.73,3.0
2026-07-27 04:00:00,56.0,55.0,96.44,0.0
2026-07-27 05:00:00,58.0,55.0,89.73,3.0
2026-07-27 06:00:00,60.0,56.0,86.62,3.0
2026-07-27 07:00:00,64.0,56.0,75.22,3.0
2026-07-27 08:00:00,69.0,57.0,65.6,3.0
2026-07-27 10:00:00,76.0,60.0,57.69,0.0
2026-07-27 11:00:00,79.0,62.0,56.09,6.0
2026-07-27 12:00:00,80.8,62.8,54.4,4.5
2026-07-27 13:00:00,81.0,62.0,52.55,4.0
2026-07-27 14:00:00,85.0,65.0,51.31,8.0
2026-07-27 15:00:00,83.0,62.0,49.25,8.0
2026-07-27 16:00:00,85.0,64.0,49.55,8.0
2026-07-27 17:00:00,82.0,64.0,54.57,6.0
2026-07-27 18:00:00,81.0,65.0,58.37,9.0
2026-07-27 19:00:00,78.0,67.0,69.01,8.0
2026-07-27 20:00:00,76.0,67.0,73.73,9.0
2026-07-27 21:00:00,74.0,67.0,78.82,6.0
2026-07-27 22:00:00,74.0,67.0,78.82,5.0
2026-07-27 23:00:00,72.0,67.0,84.3,3.0
2026-07-28 00:00:00,70.0,66.0,87.16,4.0
2026-07-28 01:00:00,69.0,66.0,90.18,4.0
2026-07-28 02:00:00,69.0,67.0,93.36,4.0
2026-07-28 03:00:00,69.0,67.0,93.36,4.0
2026-07-28 04:00:00,69.0,67.0,93.36,5.0
2026-07-28 05:00:00,69.0,68.0,96.63,7.0
2026-07-28 06:00:00,71.0,68.0,90.26,6.0
2026-07-28 07:00:00,72.0,68.0,87.26,6.0
2026-07-28 08:00:00,74.0,68.0,81.58,6.0
2026-07-28 09:00:00,77.0,69.0,76.41,6.0
2026-07-28 10:00:00,79.0,69.0,71.54,7.0
2026-07-28 11:00:00,74.0,62.0,66.2,14.0
2026-07-28 12:00:00,71.0,68.0,90.26,10.0
2026-07-28 13:00:00,72.0,69.0,90.3,5.0
2026-07-28 14:00:00,73.0,70.0,90.34,4.0
2026-07-28 15:00:00,75.0,71.0,87.41,0.0
2026-07-28 16:00:00,77.0,69.0,76.41,9.0
2026-07-28 17:00:00,77.0,69.0,76.41,10.0
2026-07-28 18:00:00,76.0,69.0,78.98,10.0
2026-07-28 19:00:00,75.0,68.0,78.9,13.0
2026-07-28 20:00:00,73.0,67.0,81.51,9.0
2026-07-28 21:00:00,73.0,67.0,81.51,7.0
2026-07-28 22:00:00,73.0,66.0,78.74,8.0
2026-07-28 23:00:00,72.0,67.0,84.3,6.0
2026-07-29 00:00:00,72.0,67.0,84.3,8.0
2026-07-29 01:00:00,72.0,67.0,84.3,12.0
2026-07-29 02:00:00,72.0,66.0,81.44,11.0
2026-07-29 03:00:00,71.0,65.0,81.37,9.0
2026-07-29 04:00:00,71.0,64.0,78.57,9.0
2026-07-29 05:00:00,71.0,63.0,75.87,9.0
2026-07-29 06:00:00,71.0,62.0,73.24,9.0
2026-07-29 07:00:00,68.0,64.0,87.05,7.0
2026-07-29 08:00:00,67.0,65.0,93.3,8.0
2026-07-29 09:00:00,67.0,65.0,93.3,11.0
2026-07-29 10:00:00,67.0,66.0,96.6,10.0
2026-07-29 11:00:00,68.0,67.0,96.61,16.0
2026-07-29 12:00:00,72.0,69.0,90.3,12.0
2026-07-29 13:00:00,70.0,68.0,93.38,9.0
2026-07-29 14:00:00,69.0,67.0,93.36,12.0
2026-07-29 15:00:00,73.0,70.0,90.34,5.0
2026-07-29 16:00:00,78.0,67.0,69.01,6.0
2026-07-29 17:00:00,74.0,67.0,78.82,12.0
2026-07-29 18:00:00,72.0,68.0,87.26,6.0
2026-07-29 19:00:00,71.0,67.0,87.21,10.0
2026-07-29 20:00:00,69.0,66.0,90.18,5.0
2026-07-29 21:00:00,70.0,67.0,90.22,0.0
2026-07-29 22:00:00,70.0,66.0,87.16,3.0
2026-07-29 23:00:00,69.0,66.0,90.18,4.0
2026-07-30 00:00:00,69.0,66.0,90.18,5.0
2026-07-30 01:00:00,68.0,67.0,96.61,6.0
2026-07-30 02:00:00,67.0,66.0,96.6,7.0
2026-07-30 03:00:00,66.0,65.0,96.59,6.0
2026-07-30 04:00:00,66.0,64.0,93.27,7.0
2026-07-30 05:00:00,65.0,64.0,96.57,9.0
2026-07-30 06:00:00,65.0,64.0,96.57,8.0
2026-07-30 07:00:00,66.0,64.0,93.27,9.0
2026-07-30 08:00:00,66.0,65.0,96.59,9.0
2026-07-30 09:00:00,66.0,65.0,96.59,6.0
2026-07-30 10:00:00,69.0,67.0,93.36,10.0
2026-07-30 11:00:00,72.0,67.0,84.3,6.0
2026-07-30 12:00:00,70.0,67.0,90.22,9.0
2026-07-30 13:00:00,74.0,65.0,73.54,11.0
2026-07-30 14:00:00,77.0,65.0,66.55,10.0
2026-07-30 15:00:00,77.0,65.0,66.55,7.0
2026-07-30 16:00:00,76.0,64.0,66.43,10.0
2026-07-30 17:00:00,75.0,65.0,71.12,5.0
2026-07-30 18:00:00,74.0,65.0,73.54,4.0
2026-07-30 19:00:00,72.0,65.0,78.66,0.0
2026-07-30 20:00:00,68.0,66.0,93.33,4.0
2026-07-30 21:00:00,68.0,65.0,90.14,5.0
2026-07-30 22:00:00,67.0,63.0,87.0,0.0
2026-07-30 23:00:00,65.0,63.0,93.24,3.0
2026-07-31 00:00:00,65.0,63.0,93.24,3.0
2026-07-31 01:00:00,63.0,62.0,96.54,0.0
2026-07-31 02:00:00,64.0,62.0,93.22,0.0
2026-07-31 03:00:00,63.0,62.0,96.54,0.0
2026-07-31 04:00:00,61.0,61.0,100.0,0.0
2026-07-31 05:00:00,62.0,61.0,96.53,3.0
2026-07-31 06:00:00,64.0,63.0,96.56,3.0
2026-07-31 07:00:00,69.0,64.0,84.12,0.0
2026-07-31 08:00:00,73.0,65.0,76.05,4.0
2026-07-31 09:00:00,76.0,65.0,68.79,0.0
2026-07-31 10:00:00,79.0,65.0,62.31,0.0
2026-07-31 11:00:00,80.0,64.0,58.24,0.0
2026-07-31 12:00:00,80.0,64.0,58.24,3.0
2026-07-31 13:00:00,72.0,67.0,84.3,4.0
2026-07-31 14:00:00,76.0,68.0,76.32,5.0
2026-07-31 15:00:00,80.0,65.0,60.3,3.0
2026-07-31 16:00:00,79.0,67.0,66.78,0.0
2026-07-31 17:00:00,79.0,67.0,66.78,6.0
2026-07-31 18:00:00,80.0,67.0,64.63,3.0
2026-07-31 19:00:00,78.0,68.0,71.43,4.0
2026-07-31 20:00:00,74.0,69.0,84.43,0.0
2026-07-31 21:00:00,73.0,69.0,87.31,0.0
2026-07-31 22:00:00,71.0,69.0,93.41,0.0
2026-07-31 23:00:00,69.0,67.0,93.36,0.0
2026-08-01 00:00:00,69.0,67.0,93.36,3.0
2026-08-01 01:00:00,67.0,66.0,96.6,0.0
2026-08-01 02:00:00,68.0,65.0,90.14,3.0
2026-08-01 03:00:00,66.0,65.0,96.59,3.0
2026-08-01 04:00:00,64.0,64.0,100.0,3.0
2026-08-01 05:00:00,64.0,63.0,96.56,0.0
2026-08-01 06:00:00,65.0,64.0,96.57,0.0
2026-08-01 07:00:00,67.0,66.0,96.6,0.0
2026-08-01 08:00:00,72.0,67.0,84.3,0.0
2026-08-01 09:00:00,75.0,67.0,76.23,0.0
2026-08-01 10:00:00,80.0,69.0,69.23,0.0
2026-08-01 11:00:00,83.0,65.0,54.71,3.0
2026-08-01 12:00:00,85.0,65.0,51.31,3.0
2026-08-01 13:00:00,85.0,65.0,51.31,6.0
2026-08-01 14:00:00,88.0,60.0,39.12,7.0
2026-08-01 15:00:00,88.0,59.0,37.75,9.0
2026-08-01 16:00:00,86.0,65.0,49.7,10.0
2026-08-01 17:00:00,84.0,66.0,54.85,11.0
2026-08-01 18:00:00,83.0,67.0,58.64,11.0
2026-08-01 19:00:00,80.0,65.0,60.3,9.0
2026-08-01 20:00:00,78.0,63.0,60.04,7.0
2026-08-01 21:00:00,76.0,66.0,71.23,7.0
2026-08-01 22:00:00,75.0,66.0,73.64,7.0
2026-08-01 23:00:00,73.0,67.0,81.51,7.0
2026-08-02 00:00:00,72.0,69.0,90.3,5.0
2026-08-02 01:00:00,72.0,69.0,90.3,5.0
2026-08-02 02:00:00,72.0,69.0,90.3,5.0
2026-08-02 03:00:00,71.0,69.0,93.41,6.0
2026-08-02 04:00:00,71.0,70.0,96.66,4.0
2026-08-02 05:00:00,72.0,70.0,93.44,6.0
2026-08-02 06:00:00,72.0,70.0,93.44,5.0
2026-08-02 07:00:00,74.0,71.0,90.38,7.0
2026-08-02 08:00:00,76.0,71.0,84.55,7.0
2026-08-02 09:00:00,80.0,71.0,74.12,10.0
2026-08-02 10:00:00,82.0,70.0,67.13,10.0
2026-08-02 11:00:00,83.0,68.0,60.7,12.0
2026-08-02 12:00:00,83.0,69.0,62.81,12.0
2026-08-02 13:00:00,83.0,68.0,60.7,13.0
2026-08-02 14:00:00,83.0,67.0,58.64,13.0
2026-08-02 15:00:00,82.0,67.0,60.57,12.0
2026-08-02 16:00:00,82.0,68.0,62.69,13.0
2026-08-02 17:00:00,80.0,66.0,62.44,13.0
2026-08-02 18:00:00,79.0,68.0,69.12,10.0
2026-08-02 19:00:00,77.0,68.0,73.83,11.0
2026-08-02 20:00:00,76.0,69.0,78.98,9.0
2026-08-02 21:00:00,75.0,70.0,84.49,11.0
2026-08-02 22:00:00,75.0,70.0,84.49,8.0
2026-08-02 23:00:00,75.0,71.0,87.41,6.0
2026-08-03 00:00:00,74.0,72.0,93.49,5.0
2026-08-03 01:00:00,74.0,73.0,96.7,4.0
2026-08-03 02:00:00,75.0,74.0,96.71,13.0
2026-08-03 03:00:00,76.0,74.0,93.55,15.0
2026-08-03 04:00:00,76.0,74.0,93.55,6.0
2026-08-03 05:00:00,75.0,74.0,96.71,10.0
2026-08-03 06:00:00,75.0,74.0,96.71,11.0
2026-08-03 07:00:00,73.0,71.0,93.47,8.0
2026-08-03 08:00:00,73.0,72.0,96.69,6.0
2026-08-03 09:00:00,75.0,73.0,93.52,8.0
2026-08-03 10:00:00,77.0,74.0,90.5,10.0
2026-08-03 11:00:00,77.0,74.0,90.5,8.0
2026-08-03 12:00:00,76.0,74.0,93.55,7.0
2026-08-03 13:00:00,76.0,74.0,93.55,11.0
2026-08-03 14:00:00,77.0,74.0,90.5,11.0
2026-08-03 15:00:00,76.0,74.0,93.55,9.0
2026-08-03 16:00:00,77.0,71.0,81.79,9.0
2026-08-03 17:00:00,80.0,68.0,66.9,10.0
2026-08-03 18:00:00,78.0,65.0,64.39,11.0
2026-08-03 19:00:00,76.0,63.0,64.15,10.0
2026-08-03 20:00:00,72.0,61.0,68.35,7.0
2026-08-03 21:00:00,69.0,60.0,73.05,5.0
2026-08-03 22:00:00,67.0,60.0,78.24,4.0
2026-08-03 23:00:00,66.0,61.0,83.93,3.0
2026-08-04 00:00:00,65.0,61.0,86.89,4.0
2026-08-04 01:00:00,64.0,61.0,89.98,5.0
2026-08-04 02:00:00,64.0,61.0,89.98,0.0
2026-08-04 03:00:00,62.0,60.0,93.16,4.0
2026-08-04 04:00:00,62.0,60.0,93.16,3.0
2026-08-04 05:00:00,62.0,60.0,93.16,3.0
2026-08-04 06:00:00,64.0,61.0,89.98,3.0
2026-08-04 07:00:00,69.0,62.0,78.41,0.0
2026-08-04 08:00:00,72.0,62.0,70.81,3.0
2026-08-04 09:00:00,75.0,62.0,64.02,0.0
2026-08-04 10:00:00,79.0,63.0,58.1,4.0
2026-08-04 11:00:00,81.0,63.0,54.43,5.0
2026-08-04 12:00:00,83.0,55.0,38.33,5.0
2026-08-04 13:00:00,85.0,55.0,35.94,6.0
2026-08-04 14:00:00,85.0,54.0,34.66,5.0
2026-08-04 15:00:00,85.0,54.0,34.66,5.0
2026-08-04 16:00:00,86.0,55.0,34.82,5.0
2026-08-04 17:00:00,85.0,55.0,35.94,6.0
2026-08-04 18:00:00,83.0,56.0,39.74,6.0
2026-08-04 19:00:00,78.0,64.0,62.18,3.0
2026-08-04 20:00:00,75.0,60.0,59.64,6.0
2026-08-04 21:00:00,73.0,61.0,66.08,4.0
2026-08-04 22:00:00,71.0,61.0,70.7,5.0
2026-08-04 23:00:00,69.0,60.0,73.05,0.0
2026-08-05 00:00:00,68.0,61.0,78.33,3.0
2026-08-05 01:00:00,64.0,61.0,89.98,0.0
2026-08-05 02:00:00,63.0,61.0,93.19,0.0
2026-08-05 03:00:00,62.0,60.0,93.16,0.0
2026-08-05 04:00:00,62.0,60.0,93.16,0.0
2026-08-05 05:00:00,61.0,59.0,93.13,0.0
2026-08-05 06:00:00,63.0,61.0,93.19,0.0
2026-08-05 07:00:00,69.0,63.0,81.22,0.0
2026-08-05 08:00:00,71.0,61.0,70.7,3.0
2026-08-05 09:00:00,75.0,62.0,64.02,4.0
2026-08-05 10:00:00,78.0,63.0,60.04,6.0
2026-08-05 11:00:00,83.0,63.0,51.02,7.0
2026-08-05 12:00:00,85.0,63.0,47.84,10.0
2026-08-05 13:00:00,85.0,62.0,46.19,8.0
2026-08-05 14:00:00,86.0,61.0,43.19,6.0
2026-08-05 15:00:00,86.0,62.0,44.74,8.0
2026-08-05 16:00:00,85.0,62.0,46.19,9.0
2026-08-05 17:00:00,84.0,63.0,49.4,7.0
2026-08-05 18:00:00,81.0,61.0,50.72,9.0
2026-08-05 19:00:00,79.0,62.0,56.09,5.0
2026-08-05 20:00:00,76.0,64.0,66.43,6.0
2026-08-05 21:00:00,75.0,65.0,71.12,6.0
2026-08-05 22:00:00,75.0,66.0,73.64,5.0
2026-08-05 23:00:00,73.0,67.0,81.51,4.0
2026-08-06 00:00:00,74.0,68.0,81.58,4.0
2026-08-06 01:00:00,72.0,70.0,93.44,4.0
2026-08-06 02:00:00,73.0,72.0,96.69,3.0
2026-08-06 03:00:00,72.0,71.0,96.67,3.0
2026-08-06 04:00:00,72.0,71.0,96.67,0.0
2026-08-06 05:00:00,72.0,71.0,96.67,3.0
2026-08-06 06:00:00,73.0,72.0,96.69,0.0
2026-08-06 07:00:00,74.0,73.0,96.7,0.0
2026-08-06 08:00:00,75.0,74.0,96.71,0.0
2026-08-06 09:00:00,80.0,75.0,84.79,3.0
2026-08-06 10:00:00,85.0,75.0,72.14,6.0
2026-08-06 11:00:00,86.0,73.0,65.35,11.0
2026-08-06 12:00:00,89.0,72.0,57.47,9.0
2026-08-06 13:00:00,89.0,73.0,59.44,8.0
2026-08-06 14:00:00,91.0,73.0,55.83,10.0
2026-08-06 15:00:00,91.0,72.0,53.98,10.0
2026-08-06 16:00:00,91.0,72.0,53.98,8.0
2026-08-06 17:00:00,90.0,72.0,55.69,10.0
2026-08-06 18:00:00,87.0,73.0,63.31,6.0
2026-08-06 19:00:00,85.0,75.0,72.14,6.0
2026-08-06 20:00:00,83.0,76.0,79.53,10.0
2026-08-06 21:00:00,79.0,73.0,81.93,5.0
2026-08-06 22:00:00,78.0,74.0,87.56,5.0
2026-08-06 23:00:00,77.0,74.0,90.5,3.0
2026-08-07 00:00:00,76.0,74.0,93.55,0.0
2026-08-07 01:00:00,76.0,74.0,93.55,4.0
2026-08-07 02:00:00,76.0,73.0,90.46,4.0
2026-08-07 03:00:00,75.0,73.0,93.52,3.0
2026-08-07 04:00:00,74.0,72.0,93.49,0.0
2026-08-07 05:00:00,72.0,71.0,96.67,0.0
2026-08-07 06:00:00,74.0,72.0,93.49,4.0
2026-08-07 07:00:00,79.0,71.0,76.58,4.0
2026-08-07 08:00:00,82.0,71.0,69.45,4.0
2026-08-07 09:00:00,84.0,70.0,62.94,0.0
2026-08-07 10:00:00,85.0,65.0,51.31,0.0
2026-08-07 11:00:00,87.0,68.0,53.41,5.0
2026-08-07 12:00:00,90.0,70.0,52.04,4.0
2026-08-07 13:00:00,90.0,69.0,50.29,8.0
2026-08-07 14:00:00,90.0,68.0,48.59,9.0
2026-08-07 15:00:00,91.0,69.0,48.74,5.0
2026-08-07 16:00:00,91.0,69.0,48.74,7.0
2026-08-07 17:00:00,89.0,69.0,51.89,6.0
2026-08-07 18:00:00,88.0,70.0,55.41,5.0
2026-08-07 19:00:00,85.0,72.0,65.23,6.0
2026-08-07 20:00:00,83.0,70.0,65.0,21.0
2026-08-07 21:00:00,72.0,69.0,90.3,7.0
2026-08-07 22:00:00,71.0,70.0,96.66,5.0
2026-08-07 23:00:00,71.0,70.0,96.66,8.0
2026-08-08 00:00:00,71.0,70.0,96.66,4.0
2026-08-08 01:00:00,71.0,70.0,96.66,4.0
2026-08-08 02:00:00,71.0,70.0,96.66,5.0
2026-08-08 03:00:00,71.0,70.0,96.66,6.0
2026-08-08 04:00:00,71.0,70.0,96.66,5.0
2026-08-08 05:00:00,70.0,69.0,96.64,3.0
2026-08-08 06:00:00,71.0,69.0,93.41,6.0
2026-08-08 07:00:00,72.0,70.0,93.44,3.0
2026-08-08 08:00:00,75.0,70.0,84.49,0.0
2026-08-08 09:00:00,77.0,71.0,81.79,3.0
2026-08-08 10:00:00,81.0,71.0,71.74,5.0
2026-08-08 11:00:00,84.0,72.0,67.36,6.0
2026-08-08 12:00:00,87.0,72.0,61.21,10.0
2026-08-08 13:00:00,90.0,69.0,50.29,13.0
2026-08-08 14:00:00,90.0,67.0,46.95,10.0
2026-08-08 15:00:00,88.0,70.0,55.41,8.0
2026-08-08 16:00:00,87.0,69.0,55.27,10.0
2026-08-08 17:00:00,82.0,66.0,58.51,14.0
2026-08-08 18:00:00,74.0,68.0,81.58,8.0
2026-08-08 19:00:00,74.0,68.0,81.58,5.0
2026-08-08 20:00:00,72.0,69.0,90.3,0.0
2026-08-08 21:00:00,71.0,69.0,93.41,0.0
2026-08-08 22:00:00,72.0,68.0,87.26,5.0
2026-08-08 23:00:00,72.0,68.0,87.26,3.0
2026-08-09 00:00:00,70.0,68.0,93.38,0.0
2026-08-09 01:00:00,70.0,68.0,93.38,0.0
2026-08-09 02:00:00,69.0,68.0,96.63,0.0
2026-08-09 03:00:00,68.0,67.0,96.61,0.0
2026-08-09 04:00:00,69.0,67.0,93.36,4.0
2026-08-09 05:00:00,70.0,69.0,96.64,0.0
2026-08-09 06:00:00,71.0,70.0,96.66,3.0
2026-08-09 07:00:00,74.0,70.0,87.36,4.0
2026-08-09 08:00:00,78.0,70.0,76.49,4.0
2026-08-09 09:00:00,82.0,70.0,67.13,6.0
2026-08-09 10:00:00,84.0,70.0,62.94,5.0
2026-08-09 11:00:00,86.0,67.0,53.27,8.0
2026-08-09 12:00:00,87.0,68.0,53.41,6.0
2026-08-09 13:00:00,89.0,65.0,45.2,8.0
2026-08-09 14:00:00,90.0,61.0,38.06,14.0
2026-08-09 15:00:00,89.0,62.0,40.69,10.0
2026-08-09 16:00:00,88.0,63.0,43.5,6.0
2026-08-09 17:00:00,85.0,63.0,47.84,10.0
2026-08-09 18:00:00,82.0,62.0,50.87,6.0
2026-08-09 19:00:00,78.0,63.0,60.04,4.0
2026-08-09 20:00:00,74.0,63.0,68.57,6.0
2026-08-09 21:00:00,72.0,63.0,73.34,4.0
2026-08-09 22:00:00,69.0,64.0,84.12,5.0
2026-08-09 23:00:00,70.0,62.0,75.78,4.0
2026-08-10 00:00:00,67.0,61.0,81.07,0.0
2026-08-10 01:00:00,65.0,61.0,86.89,0.0
2026-08-10 02:00:00,61.0,60.0,96.51,0.0
2026-08-10 03:00:00,60.0,58.0,93.1,4.0
2026-08-10 04:00:00,61.0,55.0,80.62,3.0
2026-08-10 05:00:00,61.0,54.0,77.73,6.0
2026-08-10 06:00:00,60.0,56.0,86.62,0.0
2026-08-10 07:00:00,63.0,57.0,80.77,0.0
2026-08-10 08:00:00,68.0,57.0,67.89,3.0
2026-08-10 09:00:00,72.0,58.0,61.41,3.0
2026-08-10 10:00:00,77.0,57.0,50.12,3.0
2026-08-10 11:00:00,80.0,58.0,47.08,3.0
2026-08-10 12:00:00,82.0,60.0,47.39,4.0
2026-08-10 13:00:00,85.0,61.0,44.58,8.0
2026-08-10 14:00:00,86.0,62.0,44.74,9.0
2026-08-10 15:00:00,85.0,63.0,47.84,5.0
2026-08-10 16:00:00,84.0,64.0,51.16,9.0
2026-08-10 17:00:00,82.0,65.0,56.51,8.0
2026-08-10 18:00:00,81.0,66.0,60.44,6.0
2026-08-10 19:00:00,79.0,68.0,69.12,8.0
2026-08-10 20:00:00,75.0,69.0,81.65,9.0
2026-08-10 21:00:00,74.0,66.0,76.14,7.0
2026-08-10 22:00:00,73.0,66.0,78.74,5.0
2026-08-10 23:00:00,72.0,66.0,81.44,5.0
2026-08-11 00:00:00,71.0,66.0,84.24,4.0
2026-08-11 01:00:00,68.0,66.0,93.33,0.0
2026-08-11 02:00:00,68.0,66.0,93.33,0.0
2026-08-11 03:00:00,68.0,66.0,93.33,4.0
2026-08-11 04:00:00,68.0,65.0,90.14,7.0
2026-08-11 05:00:00,68.0,65.0,90.14,4.0
2026-08-11 06:00:00,71.0,66.0,84.24,6.0
2026-08-11 07:00:00,74.0,67.0,78.82,4.0
2026-08-11 08:00:00,76.0,67.0,73.73,3.0
2026-08-11 09:00:00,79.0,67.0,66.78,0.0
2026-08-11 10:00:00,82.0,63.0,52.69,10.0
2026-08-11 11:00:00,82.0,60.0,47.39,12.0
2026-08-11 12:00:00,84.0,59.0,42.87,12.0
2026-08-11 13:00:00,85.0,57.0,38.64,12.0
2026-08-11 14:00:00,84.0,59.0,42.87,9.0
2026-08-11 15:00:00,85.0,61.0,44.58,12.0
2026-08-11 16:00:00,83.0,58.0,42.72,10.0
2026-08-11 17:00:00,82.0,60.0,47.39,6.0
2026-08-11 18:00:00,81.0,62.0,52.55,3.0
2026-08-11 19:00:00,77.0,64.0,64.27,5.0
2026-08-11 20:00:00,73.0,65.0,76.05,0.0
2026-08-11 21:00:00,72.0,65.0,78.66,4.0
2026-08-11 22:00:00,71.0,67.0,87.21,4.0
2026-08-11 23:00:00,70.0,67.0,90.22,4.0
2026-08-12 00:00:00,68.0,65.0,90.14,0.0
2026-08-12 01:00:00,67.0,64.0,90.1,0.0
2026-08-12 02:00:00,67.0,62.0,83.99,4.0
2026-08-12 03:00:00,67.0,58.0,72.85,3.0
2026-08-12 04:00:00,62.0,59.0,89.89,3.0
2026-08-12 05:00:00,63.0,58.0,83.73,3.0
2026-08-12 06:00:00,65.0,59.0,80.92,0.0
2026-08-12 07:00:00,68.0,60.0,75.59,3.0
2026-08-12 08:00:00,72.0,60.0,65.96,3.0
2026-08-12 09:00:00,74.0,60.0,61.67,0.0
2026-08-12 10:00:00,79.0,60.0,52.25,4.0
2026-08-12 11:00:00,82.0,56.0,41.05,5.0
2026-08-12 12:00:00,83.0,58.0,42.72,7.0
2026-08-12 13:00:00,82.0,57.0,42.56,5.0
2026-08-12 14:00:00,83.0,56.0,39.74,6.0
2026-08-12 15:00:00,84.0,55.0,37.11,6.0
2026-08-12 16:00:00,84.0,55.0,37.11,7.0
2026-08-12 17:00:00,82.0,57.0,42.56,8.0
2026-08-12 18:00:00,80.0,58.0,47.08,7.0
2026-08-12 19:00:00,77.0,60.0,55.81,7.0
2026-08-12 20:00:00,74.0,61.0,63.9,5.0
2026-08-12 21:00:00,73.0,63.0,70.91,0.0
2026-08-12 22:00:00,73.0,63.0,70.91,0.0
2026-08-12 23:00:00,71.0,65.0,81.37,0.0
2026-08-13 00:00:00,70.0,66.0,87.16,5.0
2026-08-13 01:00:00,67.0,64.0,90.1,8.0
2026-08-13 02:00:00,67.0,65.0,93.3,5.0
2026-08-13 03:00:00,67.0,65.0,93.3,5.0
2026-08-13 04:00:00,67.0,65.0,93.3,4.0
2026-08-13 05:00:00,67.0,65.0,93.3,0.0
2026-08-13 06:00:00,66.0,65.0,96.59,3.0
2026-08-13 07:00:00,69.0,66.0,90.18,0.0
2026-08-13 08:00:00,71.0,65.0,81.37,3.0
2026-08-13 09:00:00,74.0,65.0,73.54,5.0
2026-08-13 10:00:00,78.0,65.0,64.39,3.0
2026-08-13 11:00:00,80.0,66.0,62.44,5.0
2026-08-13 12:00:00,84.0,63.0,49.4,9.0
2026-08-13 13:00:00,84.0,60.0,44.43,9.0
2026-08-13 14:00:00,85.0,59.0,41.52,9.0
2026-08-13 15:00:00,86.0,58.0,38.8,9.0
2026-08-13 16:00:00,86.0,57.0,37.43,12.0
2026-08-13 17:00:00,79.0,62.0,56.09,10.0
2026-08-13 18:00:00,78.0,62.0,57.97,4.0
2026-08-13 19:00:00,76.0,61.0,59.78,3.0
2026-08-13 20:00:00,72.0,64.0,75.96,0.0
2026-08-13 21:00:00,71.0,63.0,75.87,4.0
2026-08-13 22:00:00,70.0,63.0,78.49,5.0
2026-08-13 23:00:00,68.0,63.0,84.05,5.0
2026-08-14 00:00:00,66.0,62.0,86.95,3.0
2026-08-14 01:00:00,67.0,60.0,78.24,7.0
2026-08-14 02:00:00,67.0,60.0,78.24,5.0
2026-08-14 03:00:00,62.0,60.0,93.16,3.0
2026-08-14 04:00:00,63.0,59.0,86.79,5.0
2026-08-14 05:00:00,63.0,59.0,86.79,0.0
2026-08-14 06:00:00,63.0,59.0,86.79,0.0
2026-08-14 07:00:00,68.0,60.0,75.59,3.0
2026-08-14 08:00:00,71.0,59.0,65.84,3.0
2026-08-14 09:00:00,76.0,60.0,57.69,3.0
2026-08-14 10:00:00,77.0,58.0,51.96,4.0
2026-08-14 11:00:00,79.0,59.0,50.42,4.0
2026-08-14 12:00:00,81.0,60.0,48.95,5.0
2026-08-14 13:00:00,82.0,61.0,49.1,3.0
2026-08-14 14:00:00,82.0,59.0,45.73,6.0
2026-08-14 15:00:00,79.0,62.0,56.09,4.0
2026-08-14 16:00:00,77.0,60.0,55.81,8.0
2026-08-14 17:00:00,75.0,62.0,64.02,5.0
2026-08-14 18:00:00,74.0,61.0,63.9,4.0
2026-08-14 19:00:00,72.0,59.0,63.65,3.0
2026-08-14 20:00:00,69.0,61.0,75.69,3.0
2026-08-14 21:00:00,66.0,60.0,81.0,5.0
2026-08-14 22:00:00,64.0,61.0,89.98,4.0
2026-08-14 23:00:00,63.0,60.0,89.94,4.0
2026-08-15 00:00:00,63.0,59.0,86.79,6.0
2026-08-15 01:00:00,62.0,58.0,86.73,0.0
2026-08-15 02:00:00,60.0,57.0,89.81,4.0
2026-08-15 03:00:00,59.0,57.0,93.07,0.0
2026-08-15 04:00:00,58.0,56.0,93.04,0.0
2026-08-15 05:00:00,57.0,55.0,93.01,0.0
2026-08-15 06:00:00,59.0,56.0,89.77,3.0
2026-08-15 07:00:00,63.0,57.0,80.77,5.0
2026-08-15 08:00:00,67.0,57.0,70.27,5.0
2026-08-15 09:00:00,71.0,58.0,63.53,0.0
2026-08-15 10:00:00,74.0,57.0,55.39,5.0
2026-08-15 11:00:00,77.0,55.0,46.62,3.0
2026-08-15 12:00:00,78.0,53.0,41.93,4.0
2026-08-15 13:00:00,78.0,55.0,45.11,0.0
2026-08-15 14:00:00,77.0,55.0,46.62,5.0
2026-08-15 15:00:00,79.0,54.0,42.09,7.0
2026-08-15 16:00:00,80.0,52.0,37.85,9.0
2026-08-15 17:00:00,79.0,50.0,36.32,8.0
2026-08-15 18:00:00,77.0,53.0,43.34,4.0
2026-08-15 19:00:00,72.0,56.0,57.14,4.0
2026-08-15 20:00:00,67.0,58.0,72.85,4.0
2026-08-15 21:00:00,66.0,57.0,72.74,0.0
2026-08-15 22:00:00,63.0,57.0,80.77,4.0
2026-08-15 23:00:00,63.0,56.0,77.91,3.0
2026-08-16 00:00:00,62.0,56.0,80.7,5.0
2026-08-16 01:00:00,61.0,56.0,83.6,0.0
2026-08-16 02:00:00,59.0,55.0,86.57,4.0
2026-08-16 03:00:00,58.0,54.0,86.51,3.0
2026-08-16 04:00:00,56.0,54.0,92.98,4.0
2026-08-16 05:00:00,57.0,54.0,89.68,0.0
2026-08-16 06:00:00,57.0,54.0,89.68,4.0
2026-08-16 07:00:00,61.0,55.0,80.62,5.0
2026-08-16 08:00:00,65.0,55.0,70.05,5.0
2026-08-16 09:00:00,69.0,56.0,63.27,3.0
2026-08-16 10:00:00,71.0,56.0,59.11,4.0
2026-08-16 11:00:00,75.0,58.0,55.53,5.0
2026-08-16 12:00:00,78.0,61.0,55.95,0.0
2026-08-16 13:00:00,81.0,62.0,52.55,10.0
2026-08-16 14:00:00,81.0,62.0,52.55,11.0
2026-08-16 15:00:00,79.0,62.0,56.09,12.0
2026-08-16 16:00:00,79.0,61.0,54.14,10.0
2026-08-16 17:00:00,77.0,60.0,55.81,14.0
2026-08-16 18:00:00,76.0,59.0,55.67,14.0
2026-08-16 19:00:00,74.0,61.0,63.9,11.0
2026-08-16 20:00:00,73.0,62.0,68.46,13.0
2026-08-16 21:00:00,68.0,64.0,87.05,9.0
2026-08-16 22:00:00,67.0,65.0,93.3,5.0
2026-08-16 23:00:00,67.0,65.0,93.3,7.0
2026-08-17 00:00:00,67.0,65.0,93.3,8.0
2026-08-17 01:00:00,67.0,66.0,96.6,5.0
2026-08-17 02:00:00,67.0,66.0,96.6,7.0
2026-08-17 03:00:00,66.0,65.0,96.59,8.0
2026-08-17 04:00:00,66.0,65.0,96.59,6.0
2026-08-17 05:00:00,67.0,66.0,96.6,6.0
2026-08-17 06:00:00,67.0,66.0,96.6,5.0
2026-08-17 07:00:00,67.0,66.0,96.6,6.0
2026-08-17 08:00:00,67.0,66.0,96.6,4.0
2026-08-17 09:00:00,68.0,66.0,93.33,6.0
2026-08-17 10:00:00,69.0,66.0,90.18,5.0
2026-08-17 11:00:00,70.0,65.0,84.18,7.0
2026-08-17 12:00:00,71.0,66.0,84.24,4.0
2026-08-17 13:00:00,73.0,66.0,78.74,0.0
2026-08-17 14:00:00,74.0,67.0,78.82,4.0
2026-08-17 15:00:00,75.0,67.0,76.23,0.0
2026-08-17 16:00:00,75.0,67.0,76.23,0.0
2026-08-17 17:00:00,77.0,67.0,71.33,6.0
2026-08-17 18:00:00,76.0,67.0,73.73,3.0
2026-08-17 19:00:00,73.0,68.0,84.37,0.0
2026-08-17 20:00:00,70.0,68.0,93.38,3.0
2026-08-17 21:00:00,70.0,68.0,93.38,0.0
2026-08-17 22:00:00,68.0,67.0,96.61,3.0
2026-08-17 23:00:00,69.0,68.0,96.63,0.0
2026-08-18 00:00:00,69.0,68.0,96.63,0.0
2026-08-18 01:00:00,70.0,68.0,93.38,4.0
2026-08-18 02:00:00,69.0,68.0,96.63,0.0
2026-08-18 03:00:00,70.0,68.0,93.38,0.0
2026-08-18 04:00:00,69.0,67.0,93.36,0.0
2026-08-18 05:00:00,68.0,67.0,96.61,0.0
2026-08-18 06:00:00,69.0,68.0,96.63,0.0
2026-08-18 07:00:00,71.0,69.0,93.41,0.0
2026-08-18 08:00:00,74.0,69.0,84.43,3.0
2026-08-18 09:00:00,77.0,66.0,68.9,6.0
2026-08-18 10:00:00,78.0,65.0,64.39,3.0
2026-08-18 11:00:00,80.0,66.0,62.44,0.0
2026-08-18 12:00:00,81.0,67.0,62.56,4.0
2026-08-18 13:00:00,80.0,66.0,62.44,5.0
2026-08-18 14:00:00,83.0,66.0,56.65,3.0
2026-08-18 15:00:00,83.0,66.0,56.65,6.0
2026-08-18 16:00:00,85.0,64.0,49.55,4.0
2026-08-18 17:00:00,85.0,63.0,47.84,7.0
2026-08-18 18:00:00,83.0,63.0,51.02,4.0
2026-08-18 19:00:00,76.0,66.0,71.23,3.0
2026-08-18 20:00:00,74.0,66.0,76.14,3.0
2026-08-18 21:00:00,75.0,63.0,66.32,0.0
2026-08-18 22:00:00,73.0,65.0,76.05,4.0
2026-08-18 23:00:00,70.0,66.0,87.16,4.0
2026-08-19 00:00:00,69.0,64.0,84.12,3.0
2026-08-19 01:00:00,67.0,65.0,93.3,3.0
2026-08-19 02:00:00,68.0,64.0,87.05,4.0
2026-08-19 03:00:00,68.0,63.0,84.05,3.0
2026-08-19 04:00:00,67.0,63.0,87.0,0.0
2026-08-19 05:00:00,65.0,63.0,93.24,0.0
2026-08-19 06:00:00,67.0,63.0,87.0,3.0
2026-08-19 07:00:00,71.0,62.0,73.24,0.0
2026-08-19 08:00:00,74.0,59.0,59.51,0.0
2026-08-19 09:00:00,78.0,59.0,52.11,3.0
2026-08-19 10:00:00,80.0,60.0,50.57,8.0
2026-08-19 11:00:00,83.0,57.0,41.21,8.0
2026-08-19 12:00:00,83.0,56.0,39.74,8.0
2026-08-19 13:00:00,83.0,56.0,39.74,9.0
2026-08-19 14:00:00,85.0,57.0,38.64,10.0
2026-08-19 15:00:00,84.0,55.0,37.11,9.0
2026-08-19 16:00:00,85.0,57.0,38.64,9.0
2026-08-19 17:00:00,83.0,58.0,42.72,5.0
2026-08-19 18:00:00,81.0,60.0,48.95,6.0
2026-08-19 19:00:00,78.0,62.0,57.97,7.0
2026-08-19 20:00:00,77.0,62.0,59.91,4.0
2026-08-19 21:00:00,74.0,62.0,66.2,4.0
2026-08-19 22:00:00,73.0,63.0,70.91,3.0
2026-08-19 23:00:00,71.0,63.0,75.87,4.0
